{
    "docstring": "Implements Adadelta algorithm.\n\n.. math::\n   \\begin{aligned}\n        &\\rule{110mm}{0.4pt}                                                                 \\\\\n        &\\textbf{input}      : \\gamma \\text{ (lr)}, \\: \\theta_0 \\text{ (params)},\n            \\: f(\\theta) \\text{ (objective)}, \\: \\rho \\text{ (decay)},\n            \\: \\lambda \\text{ (weight decay)}                                                \\\\\n        &\\textbf{initialize} :  v_0  \\leftarrow 0 \\: \\text{ (square avg)},\n            \\: u_0 \\leftarrow 0 \\: \\text{ (accumulate variables)}                     \\\\[-1.ex]\n        &\\rule{110mm}{0.4pt}                                                                 \\\\\n        &\\textbf{for} \\: t=1 \\: \\textbf{to} \\: \\ldots \\: \\textbf{do}                         \\\\\n        &\\hspace{5mm}g_t           \\leftarrow   \\nabla_{\\theta} f_t (\\theta_{t-1})           \\\\\n        &\\hspace{5mm}if \\: \\lambda \\neq 0                                                    \\\\\n        &\\hspace{10mm} g_t \\leftarrow g_t + \\lambda  \\theta_{t-1}                            \\\\\n        &\\hspace{5mm} v_t      \\leftarrow v_{t-1} \\rho + g^2_t (1 - \\rho)                    \\\\\n        &\\hspace{5mm}\\Delta x_t    \\leftarrow   \\frac{\\sqrt{u_{t-1} +\n            \\epsilon }}{ \\sqrt{v_t + \\epsilon}  }g_t \\hspace{21mm}                           \\\\\n        &\\hspace{5mm} u_t  \\leftarrow   u_{t-1}  \\rho +\n             \\Delta x^2_t  (1 - \\rho)                                                        \\\\\n        &\\hspace{5mm}\\theta_t      \\leftarrow   \\theta_{t-1} - \\gamma  \\Delta x_t            \\\\\n        &\\rule{110mm}{0.4pt}                                                          \\\\[-1.ex]\n        &\\bf{return} \\:  \\theta_t                                                     \\\\[-1.ex]\n        &\\rule{110mm}{0.4pt}                                                          \\\\[-1.ex]\n   \\end{aligned}\n\nFor further details regarding the algorithm we refer to `ADADELTA: An Adaptive Learning Rate Method`_.\n\nArgs:\n    params (iterable): iterable of parameters to optimize or dicts defining\n        parameter groups\n    rho (float, optional): coefficient used for computing a running average\n        of squared gradients (default: 0.9)\n    eps (float, optional): term added to the denominator to improve\n        numerical stability (default: 1e-6)\n    lr (float, optional): coefficient that scale delta before it is applied\n        to the parameters (default: 1.0)\n    weight_decay (float, optional): weight decay (L2 penalty) (default: 0)\n\n.. _ADADELTA\\: An Adaptive Learning Rate Method:\n    https://arxiv.org/abs/1212.5701",
    "docstring_sections": [
        {
            "type": "parameters",
            "value": [
                {
                    "annotation": "iterable",
                    "default": "",
                    "description": "iterable of parameters to optimize or dicts defining\nparameter groups",
                    "is_args": false,
                    "is_kwargs": false,
                    "is_optional": false,
                    "is_required": true,
                    "kind": "POSITIONAL_OR_KEYWORD",
                    "name": "params"
                },
                {
                    "annotation": "float",
                    "default": "0.9",
                    "description": "coefficient used for computing a running average\nof squared gradients (default: 0.9)",
                    "is_args": false,
                    "is_kwargs": false,
                    "is_optional": true,
                    "is_required": false,
                    "kind": "POSITIONAL_OR_KEYWORD",
                    "name": "rho"
                },
                {
                    "annotation": "float",
                    "default": "1e-06",
                    "description": "term added to the denominator to improve\nnumerical stability (default: 1e-6)",
                    "is_args": false,
                    "is_kwargs": false,
                    "is_optional": true,
                    "is_required": false,
                    "kind": "POSITIONAL_OR_KEYWORD",
                    "name": "eps"
                },
                {
                    "annotation": "float",
                    "default": "1.0",
                    "description": "coefficient that scale delta before it is applied\nto the parameters (default: 1.0)",
                    "is_args": false,
                    "is_kwargs": false,
                    "is_optional": true,
                    "is_required": false,
                    "kind": "POSITIONAL_OR_KEYWORD",
                    "name": "lr"
                },
                {
                    "annotation": "float",
                    "default": "0",
                    "description": "weight decay (L2 penalty) (default: 0)",
                    "is_args": false,
                    "is_kwargs": false,
                    "is_optional": true,
                    "is_required": false,
                    "kind": "POSITIONAL_OR_KEYWORD",
                    "name": "weight_decay"
                }
            ]
        }
    ],
    "name": "Adadelta",
    "path": "torch.optim.adadelta.Adadelta"
}
