{
    "docstring": "Implements AdamW algorithm.\n\n.. math::\n   \\begin{aligned}\n        &\\rule{110mm}{0.4pt}                                                                 \\\\\n        &\\textbf{input}      : \\gamma \\text{(lr)}, \\: \\beta_1, \\beta_2\n            \\text{(betas)}, \\: \\theta_0 \\text{(params)}, \\: f(\\theta) \\text{(objective)},\n            \\: \\epsilon \\text{ (epsilon)}                                                    \\\\\n        &\\hspace{13mm}      \\lambda \\text{(weight decay)}, \\:  amsgrad                       \\\\\n        &\\textbf{initialize} : m_0 \\leftarrow 0 \\text{ (first moment)}, v_0 \\leftarrow 0\n            \\text{ ( second moment)}, \\: \\widehat{v_0}^{max}\\leftarrow 0              \\\\[-1.ex]\n        &\\rule{110mm}{0.4pt}                                                                 \\\\\n        &\\textbf{for} \\: t=1 \\: \\textbf{to} \\: \\ldots \\: \\textbf{do}                         \\\\\n        &\\hspace{5mm}g_t           \\leftarrow   \\nabla_{\\theta} f_t (\\theta_{t-1})           \\\\\n        &\\hspace{5mm} \\theta_t \\leftarrow \\theta_{t-1} - \\gamma \\lambda \\theta_{t-1}         \\\\\n        &\\hspace{5mm}m_t           \\leftarrow   \\beta_1 m_{t-1} + (1 - \\beta_1) g_t          \\\\\n        &\\hspace{5mm}v_t           \\leftarrow   \\beta_2 v_{t-1} + (1-\\beta_2) g^2_t          \\\\\n        &\\hspace{5mm}\\widehat{m_t} \\leftarrow   m_t/\\big(1-\\beta_1^t \\big)                   \\\\\n        &\\hspace{5mm}\\widehat{v_t} \\leftarrow   v_t/\\big(1-\\beta_2^t \\big)                   \\\\\n        &\\hspace{5mm}\\textbf{if} \\: amsgrad                                                  \\\\\n        &\\hspace{10mm}\\widehat{v_t}^{max} \\leftarrow \\mathrm{max}(\\widehat{v_t}^{max},\n            \\widehat{v_t})                                                                   \\\\\n        &\\hspace{10mm}\\theta_t \\leftarrow \\theta_{t-1} - \\gamma \\widehat{m_t}/\n            \\big(\\sqrt{\\widehat{v_t}^{max}} + \\epsilon \\big)                                 \\\\\n        &\\hspace{5mm}\\textbf{else}                                                           \\\\\n        &\\hspace{10mm}\\theta_t \\leftarrow \\theta_{t-1} - \\gamma \\widehat{m_t}/\n            \\big(\\sqrt{\\widehat{v_t}} + \\epsilon \\big)                                       \\\\\n        &\\rule{110mm}{0.4pt}                                                          \\\\[-1.ex]\n        &\\bf{return} \\:  \\theta_t                                                     \\\\[-1.ex]\n        &\\rule{110mm}{0.4pt}                                                          \\\\[-1.ex]\n   \\end{aligned}\n\nFor further details regarding the algorithm we refer to `Decoupled Weight Decay Regularization`_.\n\nArgs:\n    params (iterable): iterable of parameters to optimize or dicts defining\n        parameter groups\n    lr (float, optional): learning rate (default: 1e-3)\n    betas (Tuple[float, float], optional): coefficients used for computing\n        running averages of gradient and its square (default: (0.9, 0.999))\n    eps (float, optional): term added to the denominator to improve\n        numerical stability (default: 1e-8)\n    weight_decay (float, optional): weight decay coefficient (default: 1e-2)\n    amsgrad (boolean, optional): whether to use the AMSGrad variant of this\n        algorithm from the paper `On the Convergence of Adam and Beyond`_\n        (default: False)\n\n.. _Decoupled Weight Decay Regularization:\n    https://arxiv.org/abs/1711.05101\n.. _On the Convergence of Adam and Beyond:\n    https://openreview.net/forum?id=ryQu7f-RZ",
    "docstring_sections": [
        {
            "type": "parameters",
            "value": [
                {
                    "annotation": "iterable",
                    "default": "",
                    "description": "iterable of parameters to optimize or dicts defining\nparameter groups",
                    "is_args": false,
                    "is_kwargs": false,
                    "is_optional": false,
                    "is_required": true,
                    "kind": "POSITIONAL_OR_KEYWORD",
                    "name": "params"
                },
                {
                    "annotation": "float",
                    "default": "0.001",
                    "description": "learning rate (default: 1e-3)",
                    "is_args": false,
                    "is_kwargs": false,
                    "is_optional": true,
                    "is_required": false,
                    "kind": "POSITIONAL_OR_KEYWORD",
                    "name": "lr"
                },
                {
                    "annotation": "Tuple[float, float]",
                    "default": "(0.9, 0.999)",
                    "description": "coefficients used for computing\nrunning averages of gradient and its square (default: (0.9, 0.999))",
                    "is_args": false,
                    "is_kwargs": false,
                    "is_optional": true,
                    "is_required": false,
                    "kind": "POSITIONAL_OR_KEYWORD",
                    "name": "betas"
                },
                {
                    "annotation": "float",
                    "default": "1e-08",
                    "description": "term added to the denominator to improve\nnumerical stability (default: 1e-8)",
                    "is_args": false,
                    "is_kwargs": false,
                    "is_optional": true,
                    "is_required": false,
                    "kind": "POSITIONAL_OR_KEYWORD",
                    "name": "eps"
                },
                {
                    "annotation": "float",
                    "default": "0.01",
                    "description": "weight decay coefficient (default: 1e-2)",
                    "is_args": false,
                    "is_kwargs": false,
                    "is_optional": true,
                    "is_required": false,
                    "kind": "POSITIONAL_OR_KEYWORD",
                    "name": "weight_decay"
                },
                {
                    "annotation": "boolean",
                    "default": "False",
                    "description": "whether to use the AMSGrad variant of this\nalgorithm from the paper `On the Convergence of Adam and Beyond`_\n(default: False)",
                    "is_args": false,
                    "is_kwargs": false,
                    "is_optional": true,
                    "is_required": false,
                    "kind": "POSITIONAL_OR_KEYWORD",
                    "name": "amsgrad"
                }
            ]
        }
    ],
    "name": "AdamW",
    "path": "torch.optim.adamw.AdamW"
}
