{
    "attributes": [
        "ludwig.modules.optimization_modules.AdadeltaOptimizerConfig.type",
        "ludwig.modules.optimization_modules.AdadeltaOptimizerConfig.rho",
        "ludwig.modules.optimization_modules.AdadeltaOptimizerConfig.eps",
        "ludwig.modules.optimization_modules.AdadeltaOptimizerConfig.lr",
        "ludwig.modules.optimization_modules.AdadeltaOptimizerConfig.weight_decay"
    ],
    "bases": [
        "ludwig.modules.optimization_modules.BaseOptimizerConfig"
    ],
    "children": {
        "ludwig.modules.optimization_modules.AdadeltaOptimizerConfig.__init__": {
            "docstring": "",
            "name": "__init__",
            "path": "ludwig.modules.optimization_modules.AdadeltaOptimizerConfig.__init__",
            "relative_file_path": "ludwig/modules/optimization_modules.py",
            "signature": {
                "parameters": [
                    {
                        "kind": "POSITIONAL_OR_KEYWORD",
                        "name": "self"
                    },
                    {
                        "annotation": "str",
                        "default": "'adadelta'",
                        "kind": "POSITIONAL_OR_KEYWORD",
                        "name": "type"
                    },
                    {
                        "annotation": "float",
                        "default": "0.9",
                        "kind": "POSITIONAL_OR_KEYWORD",
                        "name": "rho"
                    },
                    {
                        "annotation": "float",
                        "default": "1e-06",
                        "kind": "POSITIONAL_OR_KEYWORD",
                        "name": "eps"
                    },
                    {
                        "annotation": "float",
                        "default": "1.0",
                        "kind": "POSITIONAL_OR_KEYWORD",
                        "name": "lr"
                    },
                    {
                        "annotation": "float",
                        "default": "0.0",
                        "kind": "POSITIONAL_OR_KEYWORD",
                        "name": "weight_decay"
                    }
                ],
                "return_annotation": "None"
            }
        },
        "ludwig.modules.optimization_modules.AdadeltaOptimizerConfig.eps": {
            "docstring": null,
            "name": "eps",
            "path": "ludwig.modules.optimization_modules.AdadeltaOptimizerConfig.eps",
            "relative_file_path": "ludwig/modules/optimization_modules.py",
            "type": "float"
        },
        "ludwig.modules.optimization_modules.AdadeltaOptimizerConfig.lr": {
            "docstring": null,
            "name": "lr",
            "path": "ludwig.modules.optimization_modules.AdadeltaOptimizerConfig.lr",
            "relative_file_path": "ludwig/modules/optimization_modules.py",
            "type": "float"
        },
        "ludwig.modules.optimization_modules.AdadeltaOptimizerConfig.rho": {
            "docstring": null,
            "name": "rho",
            "path": "ludwig.modules.optimization_modules.AdadeltaOptimizerConfig.rho",
            "relative_file_path": "ludwig/modules/optimization_modules.py",
            "type": "float"
        },
        "ludwig.modules.optimization_modules.AdadeltaOptimizerConfig.type": {
            "docstring": "Must be 'adadelta' - corresponds to name in `ludwig.modules.optimization_modules.optimizer_registry`\n(default: 'adadelta')",
            "name": "type",
            "path": "ludwig.modules.optimization_modules.AdadeltaOptimizerConfig.type",
            "relative_file_path": "ludwig/modules/optimization_modules.py",
            "type": "str"
        },
        "ludwig.modules.optimization_modules.AdadeltaOptimizerConfig.weight_decay": {
            "docstring": null,
            "name": "weight_decay",
            "path": "ludwig.modules.optimization_modules.AdadeltaOptimizerConfig.weight_decay",
            "relative_file_path": "ludwig/modules/optimization_modules.py",
            "type": "float"
        }
    },
    "docstring": "Parameters for adadelta optimization.",
    "name": "AdadeltaOptimizerConfig",
    "path": "ludwig.modules.optimization_modules.AdadeltaOptimizerConfig"
}
