{
    "attributes": [
        "ludwig.modules.optimization_modules.AdagradOptimizerConfig.type",
        "ludwig.modules.optimization_modules.AdagradOptimizerConfig.initial_accumulator_value",
        "ludwig.modules.optimization_modules.AdagradOptimizerConfig.lr",
        "ludwig.modules.optimization_modules.AdagradOptimizerConfig.lr_decay",
        "ludwig.modules.optimization_modules.AdagradOptimizerConfig.weight_decay",
        "ludwig.modules.optimization_modules.AdagradOptimizerConfig.eps"
    ],
    "bases": [
        "ludwig.modules.optimization_modules.BaseOptimizerConfig"
    ],
    "children": {
        "ludwig.modules.optimization_modules.AdagradOptimizerConfig.__init__": {
            "docstring": "",
            "name": "__init__",
            "path": "ludwig.modules.optimization_modules.AdagradOptimizerConfig.__init__",
            "relative_file_path": "ludwig/modules/optimization_modules.py",
            "signature": {
                "parameters": [
                    {
                        "kind": "POSITIONAL_OR_KEYWORD",
                        "name": "self"
                    },
                    {
                        "annotation": "str",
                        "default": "'adagrad'",
                        "kind": "POSITIONAL_OR_KEYWORD",
                        "name": "type"
                    },
                    {
                        "annotation": "float",
                        "default": "0",
                        "kind": "POSITIONAL_OR_KEYWORD",
                        "name": "initial_accumulator_value"
                    },
                    {
                        "annotation": "float",
                        "default": "0.01",
                        "kind": "POSITIONAL_OR_KEYWORD",
                        "name": "lr"
                    },
                    {
                        "annotation": "float",
                        "default": "0",
                        "kind": "POSITIONAL_OR_KEYWORD",
                        "name": "lr_decay"
                    },
                    {
                        "annotation": "float",
                        "default": "0",
                        "kind": "POSITIONAL_OR_KEYWORD",
                        "name": "weight_decay"
                    },
                    {
                        "annotation": "float",
                        "default": "1e-10",
                        "kind": "POSITIONAL_OR_KEYWORD",
                        "name": "eps"
                    }
                ],
                "return_annotation": "None"
            }
        },
        "ludwig.modules.optimization_modules.AdagradOptimizerConfig.eps": {
            "docstring": null,
            "name": "eps",
            "path": "ludwig.modules.optimization_modules.AdagradOptimizerConfig.eps",
            "relative_file_path": "ludwig/modules/optimization_modules.py",
            "type": "float"
        },
        "ludwig.modules.optimization_modules.AdagradOptimizerConfig.initial_accumulator_value": {
            "docstring": "TODO: Document parameters (default: 0).",
            "name": "initial_accumulator_value",
            "path": "ludwig.modules.optimization_modules.AdagradOptimizerConfig.initial_accumulator_value",
            "relative_file_path": "ludwig/modules/optimization_modules.py",
            "type": "float"
        },
        "ludwig.modules.optimization_modules.AdagradOptimizerConfig.lr": {
            "docstring": null,
            "name": "lr",
            "path": "ludwig.modules.optimization_modules.AdagradOptimizerConfig.lr",
            "relative_file_path": "ludwig/modules/optimization_modules.py",
            "type": "float"
        },
        "ludwig.modules.optimization_modules.AdagradOptimizerConfig.lr_decay": {
            "docstring": null,
            "name": "lr_decay",
            "path": "ludwig.modules.optimization_modules.AdagradOptimizerConfig.lr_decay",
            "relative_file_path": "ludwig/modules/optimization_modules.py",
            "type": "float"
        },
        "ludwig.modules.optimization_modules.AdagradOptimizerConfig.type": {
            "docstring": "Must be 'adagrad' - corresponds to name in `ludwig.modules.optimization_modules.optimizer_registry`\n(default: 'adagrad')",
            "name": "type",
            "path": "ludwig.modules.optimization_modules.AdagradOptimizerConfig.type",
            "relative_file_path": "ludwig/modules/optimization_modules.py",
            "type": "str"
        },
        "ludwig.modules.optimization_modules.AdagradOptimizerConfig.weight_decay": {
            "docstring": null,
            "name": "weight_decay",
            "path": "ludwig.modules.optimization_modules.AdagradOptimizerConfig.weight_decay",
            "relative_file_path": "ludwig/modules/optimization_modules.py",
            "type": "float"
        }
    },
    "docstring": "Parameters for adagrad optimization.",
    "name": "AdagradOptimizerConfig",
    "path": "ludwig.modules.optimization_modules.AdagradOptimizerConfig"
}
