{
    "attributes": [
        "ludwig.modules.optimization_modules.AdamWOptimizerConfig.type",
        "ludwig.modules.optimization_modules.AdamWOptimizerConfig.lr",
        "ludwig.modules.optimization_modules.AdamWOptimizerConfig.betas",
        "ludwig.modules.optimization_modules.AdamWOptimizerConfig.eps",
        "ludwig.modules.optimization_modules.AdamWOptimizerConfig.weight_decay",
        "ludwig.modules.optimization_modules.AdamWOptimizerConfig.amsgrad"
    ],
    "bases": [
        "ludwig.modules.optimization_modules.BaseOptimizerConfig"
    ],
    "children": {
        "ludwig.modules.optimization_modules.AdamWOptimizerConfig.__init__": {
            "docstring": "",
            "name": "__init__",
            "path": "ludwig.modules.optimization_modules.AdamWOptimizerConfig.__init__",
            "relative_file_path": "ludwig/modules/optimization_modules.py",
            "signature": {
                "parameters": [
                    {
                        "kind": "POSITIONAL_OR_KEYWORD",
                        "name": "self"
                    },
                    {
                        "annotation": "str",
                        "default": "'adamw'",
                        "kind": "POSITIONAL_OR_KEYWORD",
                        "name": "type"
                    },
                    {
                        "annotation": "float",
                        "default": "0.001",
                        "kind": "POSITIONAL_OR_KEYWORD",
                        "name": "lr"
                    },
                    {
                        "annotation": "Tuple[float, float]",
                        "default": "(0.9, 0.999)",
                        "kind": "POSITIONAL_OR_KEYWORD",
                        "name": "betas"
                    },
                    {
                        "annotation": "float",
                        "default": "1e-08",
                        "kind": "POSITIONAL_OR_KEYWORD",
                        "name": "eps"
                    },
                    {
                        "annotation": "float",
                        "default": "0.0",
                        "kind": "POSITIONAL_OR_KEYWORD",
                        "name": "weight_decay"
                    },
                    {
                        "annotation": "bool",
                        "default": "False",
                        "kind": "POSITIONAL_OR_KEYWORD",
                        "name": "amsgrad"
                    }
                ],
                "return_annotation": "None"
            }
        },
        "ludwig.modules.optimization_modules.AdamWOptimizerConfig.amsgrad": {
            "docstring": null,
            "name": "amsgrad",
            "path": "ludwig.modules.optimization_modules.AdamWOptimizerConfig.amsgrad",
            "relative_file_path": "ludwig/modules/optimization_modules.py",
            "type": "bool"
        },
        "ludwig.modules.optimization_modules.AdamWOptimizerConfig.betas": {
            "docstring": null,
            "name": "betas",
            "path": "ludwig.modules.optimization_modules.AdamWOptimizerConfig.betas",
            "relative_file_path": "ludwig/modules/optimization_modules.py",
            "type": "Tuple[float, float]"
        },
        "ludwig.modules.optimization_modules.AdamWOptimizerConfig.eps": {
            "docstring": null,
            "name": "eps",
            "path": "ludwig.modules.optimization_modules.AdamWOptimizerConfig.eps",
            "relative_file_path": "ludwig/modules/optimization_modules.py",
            "type": "float"
        },
        "ludwig.modules.optimization_modules.AdamWOptimizerConfig.lr": {
            "docstring": null,
            "name": "lr",
            "path": "ludwig.modules.optimization_modules.AdamWOptimizerConfig.lr",
            "relative_file_path": "ludwig/modules/optimization_modules.py",
            "type": "float"
        },
        "ludwig.modules.optimization_modules.AdamWOptimizerConfig.type": {
            "docstring": "Must be 'adamw' - corresponds to name in `ludwig.modules.optimization_modules.optimizer_registry`\n(default: 'adamw')",
            "name": "type",
            "path": "ludwig.modules.optimization_modules.AdamWOptimizerConfig.type",
            "relative_file_path": "ludwig/modules/optimization_modules.py",
            "type": "str"
        },
        "ludwig.modules.optimization_modules.AdamWOptimizerConfig.weight_decay": {
            "docstring": null,
            "name": "weight_decay",
            "path": "ludwig.modules.optimization_modules.AdamWOptimizerConfig.weight_decay",
            "relative_file_path": "ludwig/modules/optimization_modules.py",
            "type": "float"
        }
    },
    "docstring": "Parameters for adamw optimization.",
    "name": "AdamWOptimizerConfig",
    "path": "ludwig.modules.optimization_modules.AdamWOptimizerConfig"
}
