{
    "attributes": [
        "ludwig.modules.optimization_modules.AdamaxOptimizerConfig.type",
        "ludwig.modules.optimization_modules.AdamaxOptimizerConfig.lr",
        "ludwig.modules.optimization_modules.AdamaxOptimizerConfig.betas",
        "ludwig.modules.optimization_modules.AdamaxOptimizerConfig.eps",
        "ludwig.modules.optimization_modules.AdamaxOptimizerConfig.weight_decay"
    ],
    "bases": [
        "ludwig.modules.optimization_modules.BaseOptimizerConfig"
    ],
    "children": {
        "ludwig.modules.optimization_modules.AdamaxOptimizerConfig.__init__": {
            "docstring": "",
            "name": "__init__",
            "path": "ludwig.modules.optimization_modules.AdamaxOptimizerConfig.__init__",
            "relative_file_path": "ludwig/modules/optimization_modules.py",
            "signature": {
                "parameters": [
                    {
                        "kind": "POSITIONAL_OR_KEYWORD",
                        "name": "self"
                    },
                    {
                        "annotation": "str",
                        "default": "'adamax'",
                        "kind": "POSITIONAL_OR_KEYWORD",
                        "name": "type"
                    },
                    {
                        "annotation": "float",
                        "default": "0.002",
                        "kind": "POSITIONAL_OR_KEYWORD",
                        "name": "lr"
                    },
                    {
                        "annotation": "Tuple[float, float]",
                        "default": "(0.9, 0.999)",
                        "kind": "POSITIONAL_OR_KEYWORD",
                        "name": "betas"
                    },
                    {
                        "annotation": "float",
                        "default": "1e-08",
                        "kind": "POSITIONAL_OR_KEYWORD",
                        "name": "eps"
                    },
                    {
                        "annotation": "float",
                        "default": "0.0",
                        "kind": "POSITIONAL_OR_KEYWORD",
                        "name": "weight_decay"
                    }
                ],
                "return_annotation": "None"
            }
        },
        "ludwig.modules.optimization_modules.AdamaxOptimizerConfig.betas": {
            "docstring": null,
            "name": "betas",
            "path": "ludwig.modules.optimization_modules.AdamaxOptimizerConfig.betas",
            "relative_file_path": "ludwig/modules/optimization_modules.py",
            "type": "Tuple[float, float]"
        },
        "ludwig.modules.optimization_modules.AdamaxOptimizerConfig.eps": {
            "docstring": null,
            "name": "eps",
            "path": "ludwig.modules.optimization_modules.AdamaxOptimizerConfig.eps",
            "relative_file_path": "ludwig/modules/optimization_modules.py",
            "type": "float"
        },
        "ludwig.modules.optimization_modules.AdamaxOptimizerConfig.lr": {
            "docstring": null,
            "name": "lr",
            "path": "ludwig.modules.optimization_modules.AdamaxOptimizerConfig.lr",
            "relative_file_path": "ludwig/modules/optimization_modules.py",
            "type": "float"
        },
        "ludwig.modules.optimization_modules.AdamaxOptimizerConfig.type": {
            "docstring": "Must be 'adamax' - corresponds to name in `ludwig.modules.optimization_modules.optimizer_registry`\n(default: 'adamax')",
            "name": "type",
            "path": "ludwig.modules.optimization_modules.AdamaxOptimizerConfig.type",
            "relative_file_path": "ludwig/modules/optimization_modules.py",
            "type": "str"
        },
        "ludwig.modules.optimization_modules.AdamaxOptimizerConfig.weight_decay": {
            "docstring": null,
            "name": "weight_decay",
            "path": "ludwig.modules.optimization_modules.AdamaxOptimizerConfig.weight_decay",
            "relative_file_path": "ludwig/modules/optimization_modules.py",
            "type": "float"
        }
    },
    "docstring": "Parameters for adamax optimization.",
    "name": "AdamaxOptimizerConfig",
    "path": "ludwig.modules.optimization_modules.AdamaxOptimizerConfig"
}
