{
    "attributes": [
        "ludwig.combiners.combiners.ComparatorCombinerConfig.entity_1",
        "ludwig.combiners.combiners.ComparatorCombinerConfig.entity_2",
        "ludwig.combiners.combiners.ComparatorCombinerConfig.fc_layers",
        "ludwig.combiners.combiners.ComparatorCombinerConfig.num_fc_layers",
        "ludwig.combiners.combiners.ComparatorCombinerConfig.output_size",
        "ludwig.combiners.combiners.ComparatorCombinerConfig.use_bias",
        "ludwig.combiners.combiners.ComparatorCombinerConfig.weights_initializer",
        "ludwig.combiners.combiners.ComparatorCombinerConfig.bias_initializer",
        "ludwig.combiners.combiners.ComparatorCombinerConfig.norm",
        "ludwig.combiners.combiners.ComparatorCombinerConfig.norm_params",
        "ludwig.combiners.combiners.ComparatorCombinerConfig.activation",
        "ludwig.combiners.combiners.ComparatorCombinerConfig.dropout"
    ],
    "bases": [
        "ludwig.combiners.combiners.BaseCombinerConfig"
    ],
    "children": {
        "ludwig.combiners.combiners.ComparatorCombinerConfig.__init__": {
            "docstring": null,
            "name": "__init__",
            "path": "ludwig.combiners.combiners.ComparatorCombinerConfig.__init__",
            "relative_file_path": "ludwig/combiners/combiners.py",
            "signature": {
                "parameters": [
                    {
                        "kind": "POSITIONAL_OR_KEYWORD",
                        "name": "self"
                    },
                    {
                        "annotation": "List[str]",
                        "kind": "POSITIONAL_OR_KEYWORD",
                        "name": "entity_1"
                    },
                    {
                        "annotation": "List[str]",
                        "kind": "POSITIONAL_OR_KEYWORD",
                        "name": "entity_2"
                    },
                    {
                        "annotation": "Optional[List[Dict[str, Any]]]",
                        "default": "<factory>",
                        "kind": "POSITIONAL_OR_KEYWORD",
                        "name": "fc_layers"
                    },
                    {
                        "annotation": "int",
                        "default": "1",
                        "kind": "POSITIONAL_OR_KEYWORD",
                        "name": "num_fc_layers"
                    },
                    {
                        "annotation": "int",
                        "default": "256",
                        "kind": "POSITIONAL_OR_KEYWORD",
                        "name": "output_size"
                    },
                    {
                        "annotation": "bool",
                        "default": "True",
                        "kind": "POSITIONAL_OR_KEYWORD",
                        "name": "use_bias"
                    },
                    {
                        "annotation": "Union[str, Dict]",
                        "default": "'xavier_uniform'",
                        "kind": "POSITIONAL_OR_KEYWORD",
                        "name": "weights_initializer"
                    },
                    {
                        "annotation": "Union[str, Dict]",
                        "default": "'zeros'",
                        "kind": "POSITIONAL_OR_KEYWORD",
                        "name": "bias_initializer"
                    },
                    {
                        "annotation": "Optional[str]",
                        "default": "None",
                        "kind": "POSITIONAL_OR_KEYWORD",
                        "name": "norm"
                    },
                    {
                        "annotation": "Optional[dict]",
                        "default": "<factory>",
                        "kind": "POSITIONAL_OR_KEYWORD",
                        "name": "norm_params"
                    },
                    {
                        "annotation": "str",
                        "default": "'relu'",
                        "kind": "POSITIONAL_OR_KEYWORD",
                        "name": "activation"
                    },
                    {
                        "annotation": "float",
                        "default": "0.0",
                        "kind": "POSITIONAL_OR_KEYWORD",
                        "name": "dropout"
                    }
                ],
                "return_annotation": "None"
            }
        },
        "ludwig.combiners.combiners.ComparatorCombinerConfig.activation": {
            "docstring": "TODO: Document parameters. (default: 'relu').",
            "name": "activation",
            "path": "ludwig.combiners.combiners.ComparatorCombinerConfig.activation",
            "relative_file_path": "ludwig/combiners/combiners.py",
            "type": "str"
        },
        "ludwig.combiners.combiners.ComparatorCombinerConfig.bias_initializer": {
            "docstring": "TODO: Document parameters. (default: 'zeros').",
            "name": "bias_initializer",
            "path": "ludwig.combiners.combiners.ComparatorCombinerConfig.bias_initializer",
            "relative_file_path": "ludwig/combiners/combiners.py",
            "type": "Union[str, Dict]"
        },
        "ludwig.combiners.combiners.ComparatorCombinerConfig.dropout": {
            "docstring": "Dropout rate for the transformer block (default: 0.0).",
            "name": "dropout",
            "path": "ludwig.combiners.combiners.ComparatorCombinerConfig.dropout",
            "relative_file_path": "ludwig/combiners/combiners.py",
            "type": "float"
        },
        "ludwig.combiners.combiners.ComparatorCombinerConfig.entity_1": {
            "docstring": "TODO: Document parameters.",
            "name": "entity_1",
            "path": "ludwig.combiners.combiners.ComparatorCombinerConfig.entity_1",
            "relative_file_path": "ludwig/combiners/combiners.py",
            "type": "List[str]"
        },
        "ludwig.combiners.combiners.ComparatorCombinerConfig.entity_2": {
            "docstring": "TODO: Document parameters.",
            "name": "entity_2",
            "path": "ludwig.combiners.combiners.ComparatorCombinerConfig.entity_2",
            "relative_file_path": "ludwig/combiners/combiners.py",
            "type": "List[str]"
        },
        "ludwig.combiners.combiners.ComparatorCombinerConfig.fc_layers": {
            "docstring": "TODO: Document parameters. (default: None).",
            "name": "fc_layers",
            "path": "ludwig.combiners.combiners.ComparatorCombinerConfig.fc_layers",
            "relative_file_path": "ludwig/combiners/combiners.py",
            "type": "Optional[List[Dict[str, Any]]]"
        },
        "ludwig.combiners.combiners.ComparatorCombinerConfig.norm": {
            "docstring": "TODO: Document parameters. (default: None).",
            "name": "norm",
            "path": "ludwig.combiners.combiners.ComparatorCombinerConfig.norm",
            "relative_file_path": "ludwig/combiners/combiners.py",
            "type": "Optional[str]"
        },
        "ludwig.combiners.combiners.ComparatorCombinerConfig.norm_params": {
            "docstring": "TODO: Document parameters. (default: None).",
            "name": "norm_params",
            "path": "ludwig.combiners.combiners.ComparatorCombinerConfig.norm_params",
            "relative_file_path": "ludwig/combiners/combiners.py",
            "type": "Optional[dict]"
        },
        "ludwig.combiners.combiners.ComparatorCombinerConfig.num_fc_layers": {
            "docstring": "TODO: Document parameters. (default: 1).",
            "name": "num_fc_layers",
            "path": "ludwig.combiners.combiners.ComparatorCombinerConfig.num_fc_layers",
            "relative_file_path": "ludwig/combiners/combiners.py",
            "type": "int"
        },
        "ludwig.combiners.combiners.ComparatorCombinerConfig.output_size": {
            "docstring": "Output size of a fully connected layer (default: 256).",
            "name": "output_size",
            "path": "ludwig.combiners.combiners.ComparatorCombinerConfig.output_size",
            "relative_file_path": "ludwig/combiners/combiners.py",
            "type": "int"
        },
        "ludwig.combiners.combiners.ComparatorCombinerConfig.use_bias": {
            "docstring": "Whether the layer uses a bias vector (default: True).",
            "name": "use_bias",
            "path": "ludwig.combiners.combiners.ComparatorCombinerConfig.use_bias",
            "relative_file_path": "ludwig/combiners/combiners.py",
            "type": "bool"
        },
        "ludwig.combiners.combiners.ComparatorCombinerConfig.weights_initializer": {
            "docstring": "TODO: Document parameters. (default: 'xavier_uniform').",
            "name": "weights_initializer",
            "path": "ludwig.combiners.combiners.ComparatorCombinerConfig.weights_initializer",
            "relative_file_path": "ludwig/combiners/combiners.py",
            "type": "Union[str, Dict]"
        }
    },
    "docstring": "Parameters for comparator combiner.",
    "name": "ComparatorCombinerConfig",
    "path": "ludwig.combiners.combiners.ComparatorCombinerConfig"
}
