{
    "attributes": [
        "ludwig.combiners.combiners.ConcatCombinerConfig.fc_layers",
        "ludwig.combiners.combiners.ConcatCombinerConfig.num_fc_layers",
        "ludwig.combiners.combiners.ConcatCombinerConfig.output_size",
        "ludwig.combiners.combiners.ConcatCombinerConfig.use_bias",
        "ludwig.combiners.combiners.ConcatCombinerConfig.weights_initializer",
        "ludwig.combiners.combiners.ConcatCombinerConfig.bias_initializer",
        "ludwig.combiners.combiners.ConcatCombinerConfig.norm",
        "ludwig.combiners.combiners.ConcatCombinerConfig.norm_params",
        "ludwig.combiners.combiners.ConcatCombinerConfig.activation",
        "ludwig.combiners.combiners.ConcatCombinerConfig.dropout",
        "ludwig.combiners.combiners.ConcatCombinerConfig.flatten_inputs",
        "ludwig.combiners.combiners.ConcatCombinerConfig.residual"
    ],
    "bases": [
        "ludwig.combiners.combiners.BaseCombinerConfig"
    ],
    "children": {
        "ludwig.combiners.combiners.ConcatCombinerConfig.__init__": {
            "docstring": null,
            "name": "__init__",
            "path": "ludwig.combiners.combiners.ConcatCombinerConfig.__init__",
            "relative_file_path": "ludwig/combiners/combiners.py",
            "signature": {
                "parameters": [
                    {
                        "kind": "POSITIONAL_OR_KEYWORD",
                        "name": "self"
                    },
                    {
                        "annotation": "Optional[List[Dict[str, Any]]]",
                        "default": "<factory>",
                        "kind": "POSITIONAL_OR_KEYWORD",
                        "name": "fc_layers"
                    },
                    {
                        "annotation": "int",
                        "default": "0",
                        "kind": "POSITIONAL_OR_KEYWORD",
                        "name": "num_fc_layers"
                    },
                    {
                        "annotation": "int",
                        "default": "256",
                        "kind": "POSITIONAL_OR_KEYWORD",
                        "name": "output_size"
                    },
                    {
                        "annotation": "bool",
                        "default": "True",
                        "kind": "POSITIONAL_OR_KEYWORD",
                        "name": "use_bias"
                    },
                    {
                        "annotation": "Union[str, Dict]",
                        "default": "'xavier_uniform'",
                        "kind": "POSITIONAL_OR_KEYWORD",
                        "name": "weights_initializer"
                    },
                    {
                        "annotation": "Union[str, Dict]",
                        "default": "'zeros'",
                        "kind": "POSITIONAL_OR_KEYWORD",
                        "name": "bias_initializer"
                    },
                    {
                        "annotation": "Optional[str]",
                        "default": "None",
                        "kind": "POSITIONAL_OR_KEYWORD",
                        "name": "norm"
                    },
                    {
                        "annotation": "Optional[dict]",
                        "default": "<factory>",
                        "kind": "POSITIONAL_OR_KEYWORD",
                        "name": "norm_params"
                    },
                    {
                        "annotation": "str",
                        "default": "'relu'",
                        "kind": "POSITIONAL_OR_KEYWORD",
                        "name": "activation"
                    },
                    {
                        "annotation": "float",
                        "default": "0.0",
                        "kind": "POSITIONAL_OR_KEYWORD",
                        "name": "dropout"
                    },
                    {
                        "annotation": "bool",
                        "default": "False",
                        "kind": "POSITIONAL_OR_KEYWORD",
                        "name": "flatten_inputs"
                    },
                    {
                        "annotation": "bool",
                        "default": "False",
                        "kind": "POSITIONAL_OR_KEYWORD",
                        "name": "residual"
                    }
                ],
                "return_annotation": "None"
            }
        },
        "ludwig.combiners.combiners.ConcatCombinerConfig.activation": {
            "docstring": "TODO: Document parameters. (default: 'relu').",
            "name": "activation",
            "path": "ludwig.combiners.combiners.ConcatCombinerConfig.activation",
            "relative_file_path": "ludwig/combiners/combiners.py",
            "type": "str"
        },
        "ludwig.combiners.combiners.ConcatCombinerConfig.bias_initializer": {
            "docstring": "TODO: Document parameters. (default: 'zeros').",
            "name": "bias_initializer",
            "path": "ludwig.combiners.combiners.ConcatCombinerConfig.bias_initializer",
            "relative_file_path": "ludwig/combiners/combiners.py",
            "type": "Union[str, Dict]"
        },
        "ludwig.combiners.combiners.ConcatCombinerConfig.dropout": {
            "docstring": "TODO: Document parameters. (default: 0.0).",
            "name": "dropout",
            "path": "ludwig.combiners.combiners.ConcatCombinerConfig.dropout",
            "relative_file_path": "ludwig/combiners/combiners.py",
            "type": "float"
        },
        "ludwig.combiners.combiners.ConcatCombinerConfig.fc_layers": {
            "docstring": "TODO: Document parameters. (default: None).",
            "name": "fc_layers",
            "path": "ludwig.combiners.combiners.ConcatCombinerConfig.fc_layers",
            "relative_file_path": "ludwig/combiners/combiners.py",
            "type": "Optional[List[Dict[str, Any]]]"
        },
        "ludwig.combiners.combiners.ConcatCombinerConfig.flatten_inputs": {
            "docstring": "Whether to flatten input tensors to a vector (default: False).",
            "name": "flatten_inputs",
            "path": "ludwig.combiners.combiners.ConcatCombinerConfig.flatten_inputs",
            "relative_file_path": "ludwig/combiners/combiners.py",
            "type": "bool"
        },
        "ludwig.combiners.combiners.ConcatCombinerConfig.norm": {
            "docstring": "TODO: Document parameters. (default: norm).",
            "name": "norm",
            "path": "ludwig.combiners.combiners.ConcatCombinerConfig.norm",
            "relative_file_path": "ludwig/combiners/combiners.py",
            "type": "Optional[str]"
        },
        "ludwig.combiners.combiners.ConcatCombinerConfig.norm_params": {
            "docstring": "TODO: Document parameters. (default: None).",
            "name": "norm_params",
            "path": "ludwig.combiners.combiners.ConcatCombinerConfig.norm_params",
            "relative_file_path": "ludwig/combiners/combiners.py",
            "type": "Optional[dict]"
        },
        "ludwig.combiners.combiners.ConcatCombinerConfig.num_fc_layers": {
            "docstring": "TODO: Document parameters. (default: 0).",
            "name": "num_fc_layers",
            "path": "ludwig.combiners.combiners.ConcatCombinerConfig.num_fc_layers",
            "relative_file_path": "ludwig/combiners/combiners.py",
            "type": "int"
        },
        "ludwig.combiners.combiners.ConcatCombinerConfig.output_size": {
            "docstring": "Output size of a fully connected layer (default: 256).",
            "name": "output_size",
            "path": "ludwig.combiners.combiners.ConcatCombinerConfig.output_size",
            "relative_file_path": "ludwig/combiners/combiners.py",
            "type": "int"
        },
        "ludwig.combiners.combiners.ConcatCombinerConfig.residual": {
            "docstring": "Whether to add a residual connection to each fully connected layer block. All fully connected layers must have\nthe same size (default: False).",
            "name": "residual",
            "path": "ludwig.combiners.combiners.ConcatCombinerConfig.residual",
            "relative_file_path": "ludwig/combiners/combiners.py",
            "type": "bool"
        },
        "ludwig.combiners.combiners.ConcatCombinerConfig.use_bias": {
            "docstring": "Whether the layer uses a bias vector (default: True).",
            "name": "use_bias",
            "path": "ludwig.combiners.combiners.ConcatCombinerConfig.use_bias",
            "relative_file_path": "ludwig/combiners/combiners.py",
            "type": "bool"
        },
        "ludwig.combiners.combiners.ConcatCombinerConfig.weights_initializer": {
            "docstring": "TODO: Document parameters. (default: 'xavier_uniform').",
            "name": "weights_initializer",
            "path": "ludwig.combiners.combiners.ConcatCombinerConfig.weights_initializer",
            "relative_file_path": "ludwig/combiners/combiners.py",
            "type": "Union[str, Dict]"
        }
    },
    "docstring": "Parameters for concat combiner.",
    "name": "ConcatCombinerConfig",
    "path": "ludwig.combiners.combiners.ConcatCombinerConfig"
}
