{
    "attributes": [
        "ludwig.marshmallow.test_classes.CustomTestSchema.foo"
    ],
    "bases": [
        "ludwig.marshmallow.marshmallow_schema_utils.BaseMarshmallowConfig"
    ],
    "children": {
        "ludwig.marshmallow.test_classes.CustomTestSchema.__init__": {
            "docstring": null,
            "name": "__init__",
            "path": "ludwig.marshmallow.test_classes.CustomTestSchema.__init__",
            "relative_file_path": "ludwig/marshmallow/test_classes.py",
            "signature": {
                "parameters": [
                    {
                        "kind": "POSITIONAL_OR_KEYWORD",
                        "name": "self"
                    },
                    {
                        "annotation": "int",
                        "default": "5",
                        "kind": "POSITIONAL_OR_KEYWORD",
                        "name": "foo"
                    }
                ],
                "return_annotation": "None"
            }
        },
        "ludwig.marshmallow.test_classes.CustomTestSchema.foo": {
            "docstring": "foo (default: 5)",
            "name": "foo",
            "path": "ludwig.marshmallow.test_classes.CustomTestSchema.foo",
            "relative_file_path": "ludwig/marshmallow/test_classes.py",
            "type": "int"
        }
    },
    "docstring": "sample docstring.",
    "name": "CustomTestSchema",
    "path": "ludwig.marshmallow.test_classes.CustomTestSchema"
}
