{
    "attributes": [
        "ludwig.marshmallow.test_classes.CustomTestCombinerConfig.foo"
    ],
    "bases": [
        "ludwig.combiners.combiners.BaseCombinerConfig"
    ],
    "children": {
        "ludwig.marshmallow.test_classes.CustomTestCombinerConfig.__init__": {
            "docstring": null,
            "name": "__init__",
            "path": "ludwig.marshmallow.test_classes.CustomTestCombinerConfig.__init__",
            "relative_file_path": "ludwig/marshmallow/test_classes.py",
            "signature": {
                "parameters": [
                    {
                        "kind": "POSITIONAL_OR_KEYWORD",
                        "name": "self"
                    },
                    {
                        "annotation": "bool",
                        "default": "False",
                        "kind": "POSITIONAL_OR_KEYWORD",
                        "name": "foo"
                    }
                ],
                "return_annotation": "None"
            }
        },
        "ludwig.marshmallow.test_classes.CustomTestCombinerConfig.foo": {
            "docstring": null,
            "name": "foo",
            "path": "ludwig.marshmallow.test_classes.CustomTestCombinerConfig.foo",
            "relative_file_path": "ludwig/marshmallow/test_classes.py",
            "type": "bool"
        }
    },
    "docstring": "CustomTestCombinerConfig(foo: bool = False)",
    "name": "CustomTestCombinerConfig",
    "path": "ludwig.marshmallow.test_classes.CustomTestCombinerConfig"
}
