{
    "attributes": [
        "ludwig.modules.optimization_modules.FtrlOptimizerConfig.type",
        "ludwig.modules.optimization_modules.FtrlOptimizerConfig.learning_rate_power",
        "ludwig.modules.optimization_modules.FtrlOptimizerConfig.initial_accumulator_value",
        "ludwig.modules.optimization_modules.FtrlOptimizerConfig.l1_regularization_strength",
        "ludwig.modules.optimization_modules.FtrlOptimizerConfig.l2_regularization_strength"
    ],
    "bases": [
        "ludwig.modules.optimization_modules.BaseOptimizerConfig"
    ],
    "children": {
        "ludwig.modules.optimization_modules.FtrlOptimizerConfig.__init__": {
            "docstring": "",
            "name": "__init__",
            "path": "ludwig.modules.optimization_modules.FtrlOptimizerConfig.__init__",
            "relative_file_path": "ludwig/modules/optimization_modules.py",
            "signature": {
                "parameters": [
                    {
                        "kind": "POSITIONAL_OR_KEYWORD",
                        "name": "self"
                    },
                    {
                        "annotation": "str",
                        "default": "'ftrl'",
                        "kind": "POSITIONAL_OR_KEYWORD",
                        "name": "type"
                    },
                    {
                        "annotation": "float",
                        "default": "-0.5",
                        "kind": "POSITIONAL_OR_KEYWORD",
                        "name": "learning_rate_power"
                    },
                    {
                        "annotation": "float",
                        "default": "0.1",
                        "kind": "POSITIONAL_OR_KEYWORD",
                        "name": "initial_accumulator_value"
                    },
                    {
                        "annotation": "float",
                        "default": "0.0",
                        "kind": "POSITIONAL_OR_KEYWORD",
                        "name": "l1_regularization_strength"
                    },
                    {
                        "annotation": "float",
                        "default": "0.0",
                        "kind": "POSITIONAL_OR_KEYWORD",
                        "name": "l2_regularization_strength"
                    }
                ],
                "return_annotation": "None"
            }
        },
        "ludwig.modules.optimization_modules.FtrlOptimizerConfig.initial_accumulator_value": {
            "docstring": null,
            "name": "initial_accumulator_value",
            "path": "ludwig.modules.optimization_modules.FtrlOptimizerConfig.initial_accumulator_value",
            "relative_file_path": "ludwig/modules/optimization_modules.py",
            "type": "float"
        },
        "ludwig.modules.optimization_modules.FtrlOptimizerConfig.l1_regularization_strength": {
            "docstring": null,
            "name": "l1_regularization_strength",
            "path": "ludwig.modules.optimization_modules.FtrlOptimizerConfig.l1_regularization_strength",
            "relative_file_path": "ludwig/modules/optimization_modules.py",
            "type": "float"
        },
        "ludwig.modules.optimization_modules.FtrlOptimizerConfig.l2_regularization_strength": {
            "docstring": null,
            "name": "l2_regularization_strength",
            "path": "ludwig.modules.optimization_modules.FtrlOptimizerConfig.l2_regularization_strength",
            "relative_file_path": "ludwig/modules/optimization_modules.py",
            "type": "float"
        },
        "ludwig.modules.optimization_modules.FtrlOptimizerConfig.learning_rate_power": {
            "docstring": null,
            "name": "learning_rate_power",
            "path": "ludwig.modules.optimization_modules.FtrlOptimizerConfig.learning_rate_power",
            "relative_file_path": "ludwig/modules/optimization_modules.py",
            "type": "float"
        },
        "ludwig.modules.optimization_modules.FtrlOptimizerConfig.type": {
            "docstring": "Name corresponding to an optimizer `ludwig.modules.optimization_modules.optimizer_registry`.\nTechnically mutable, but attempting to load a derived optimizer with `type` set to a mismatched value will\nresult in a `ValidationError`.",
            "name": "type",
            "path": "ludwig.modules.optimization_modules.FtrlOptimizerConfig.type",
            "relative_file_path": "ludwig/modules/optimization_modules.py",
            "type": "str"
        }
    },
    "docstring": "FtrlOptimizerConfig(type: str = 'ftrl', learning_rate_power: float = -0.5, initial_accumulator_value: float = 0.1, l1_regularization_strength: float = 0.0, l2_regularization_strength: float = 0.0)",
    "name": "FtrlOptimizerConfig",
    "path": "ludwig.modules.optimization_modules.FtrlOptimizerConfig"
}
