{
    "attributes": [
        "ludwig.modules.optimization_modules.GradientClippingConfig.clipglobalnorm",
        "ludwig.modules.optimization_modules.GradientClippingConfig.clipnorm",
        "ludwig.modules.optimization_modules.GradientClippingConfig.clipvalue"
    ],
    "bases": [
        "ludwig.marshmallow.marshmallow_schema_utils.BaseMarshmallowConfig"
    ],
    "children": {
        "ludwig.modules.optimization_modules.GradientClippingConfig.__init__": {
            "docstring": null,
            "name": "__init__",
            "path": "ludwig.modules.optimization_modules.GradientClippingConfig.__init__",
            "relative_file_path": "ludwig/modules/optimization_modules.py",
            "signature": {
                "parameters": [
                    {
                        "kind": "POSITIONAL_OR_KEYWORD",
                        "name": "self"
                    },
                    {
                        "annotation": "Optional[float]",
                        "default": "0.5",
                        "kind": "POSITIONAL_OR_KEYWORD",
                        "name": "clipglobalnorm"
                    },
                    {
                        "annotation": "Optional[float]",
                        "default": "None",
                        "kind": "POSITIONAL_OR_KEYWORD",
                        "name": "clipnorm"
                    },
                    {
                        "annotation": "Optional[float]",
                        "default": "None",
                        "kind": "POSITIONAL_OR_KEYWORD",
                        "name": "clipvalue"
                    }
                ],
                "return_annotation": "None"
            }
        },
        "ludwig.modules.optimization_modules.GradientClippingConfig.clipglobalnorm": {
            "docstring": "TODO: Document parameters. (default: 0.5)",
            "name": "clipglobalnorm",
            "path": "ludwig.modules.optimization_modules.GradientClippingConfig.clipglobalnorm",
            "relative_file_path": "ludwig/modules/optimization_modules.py",
            "type": "Optional[float]"
        },
        "ludwig.modules.optimization_modules.GradientClippingConfig.clipnorm": {
            "docstring": "TODO: Document parameters. (default: None)",
            "name": "clipnorm",
            "path": "ludwig.modules.optimization_modules.GradientClippingConfig.clipnorm",
            "relative_file_path": "ludwig/modules/optimization_modules.py",
            "type": "Optional[float]"
        },
        "ludwig.modules.optimization_modules.GradientClippingConfig.clipvalue": {
            "docstring": "TODO: Document parameters. (default: None)",
            "name": "clipvalue",
            "path": "ludwig.modules.optimization_modules.GradientClippingConfig.clipvalue",
            "relative_file_path": "ludwig/modules/optimization_modules.py",
            "type": "Optional[float]"
        }
    },
    "docstring": "Dataclass that holds gradient clipping parameters.",
    "name": "GradientClippingConfig",
    "path": "ludwig.modules.optimization_modules.GradientClippingConfig"
}
