{
    "attributes": [
        "ludwig.modules.optimization_modules.NadamOptimizerConfig.type",
        "ludwig.modules.optimization_modules.NadamOptimizerConfig.lr",
        "ludwig.modules.optimization_modules.NadamOptimizerConfig.betas",
        "ludwig.modules.optimization_modules.NadamOptimizerConfig.eps",
        "ludwig.modules.optimization_modules.NadamOptimizerConfig.weight_decay",
        "ludwig.modules.optimization_modules.NadamOptimizerConfig.momentum_decay"
    ],
    "bases": [
        "ludwig.modules.optimization_modules.BaseOptimizerConfig"
    ],
    "children": {
        "ludwig.modules.optimization_modules.NadamOptimizerConfig.__init__": {
            "docstring": "",
            "name": "__init__",
            "path": "ludwig.modules.optimization_modules.NadamOptimizerConfig.__init__",
            "relative_file_path": "ludwig/modules/optimization_modules.py",
            "signature": {
                "parameters": [
                    {
                        "kind": "POSITIONAL_OR_KEYWORD",
                        "name": "self"
                    },
                    {
                        "annotation": "str",
                        "default": "'nadam'",
                        "kind": "POSITIONAL_OR_KEYWORD",
                        "name": "type"
                    },
                    {
                        "annotation": "float",
                        "default": "0.002",
                        "kind": "POSITIONAL_OR_KEYWORD",
                        "name": "lr"
                    },
                    {
                        "annotation": "Tuple[float, float]",
                        "default": "(0.9, 0.999)",
                        "kind": "POSITIONAL_OR_KEYWORD",
                        "name": "betas"
                    },
                    {
                        "annotation": "float",
                        "default": "1e-08",
                        "kind": "POSITIONAL_OR_KEYWORD",
                        "name": "eps"
                    },
                    {
                        "annotation": "float",
                        "default": "0.0",
                        "kind": "POSITIONAL_OR_KEYWORD",
                        "name": "weight_decay"
                    },
                    {
                        "annotation": "float",
                        "default": "0.004",
                        "kind": "POSITIONAL_OR_KEYWORD",
                        "name": "momentum_decay"
                    }
                ],
                "return_annotation": "None"
            }
        },
        "ludwig.modules.optimization_modules.NadamOptimizerConfig.betas": {
            "docstring": null,
            "name": "betas",
            "path": "ludwig.modules.optimization_modules.NadamOptimizerConfig.betas",
            "relative_file_path": "ludwig/modules/optimization_modules.py",
            "type": "Tuple[float, float]"
        },
        "ludwig.modules.optimization_modules.NadamOptimizerConfig.eps": {
            "docstring": null,
            "name": "eps",
            "path": "ludwig.modules.optimization_modules.NadamOptimizerConfig.eps",
            "relative_file_path": "ludwig/modules/optimization_modules.py",
            "type": "float"
        },
        "ludwig.modules.optimization_modules.NadamOptimizerConfig.lr": {
            "docstring": null,
            "name": "lr",
            "path": "ludwig.modules.optimization_modules.NadamOptimizerConfig.lr",
            "relative_file_path": "ludwig/modules/optimization_modules.py",
            "type": "float"
        },
        "ludwig.modules.optimization_modules.NadamOptimizerConfig.momentum_decay": {
            "docstring": null,
            "name": "momentum_decay",
            "path": "ludwig.modules.optimization_modules.NadamOptimizerConfig.momentum_decay",
            "relative_file_path": "ludwig/modules/optimization_modules.py",
            "type": "float"
        },
        "ludwig.modules.optimization_modules.NadamOptimizerConfig.type": {
            "docstring": "Name corresponding to an optimizer `ludwig.modules.optimization_modules.optimizer_registry`.\nTechnically mutable, but attempting to load a derived optimizer with `type` set to a mismatched value will\nresult in a `ValidationError`.",
            "name": "type",
            "path": "ludwig.modules.optimization_modules.NadamOptimizerConfig.type",
            "relative_file_path": "ludwig/modules/optimization_modules.py",
            "type": "str"
        },
        "ludwig.modules.optimization_modules.NadamOptimizerConfig.weight_decay": {
            "docstring": null,
            "name": "weight_decay",
            "path": "ludwig.modules.optimization_modules.NadamOptimizerConfig.weight_decay",
            "relative_file_path": "ludwig/modules/optimization_modules.py",
            "type": "float"
        }
    },
    "docstring": "NadamOptimizerConfig(type: str = 'nadam', lr: float = 0.002, betas: Tuple[float, float] = (0.9, 0.999), eps: float = 1e-08, weight_decay: float = 0.0, momentum_decay: float = 0.004)",
    "name": "NadamOptimizerConfig",
    "path": "ludwig.modules.optimization_modules.NadamOptimizerConfig"
}
