{
    "attributes": [
        "ludwig.modules.optimization_modules.RMSPropOptimizerConfig.type",
        "ludwig.modules.optimization_modules.RMSPropOptimizerConfig.lr",
        "ludwig.modules.optimization_modules.RMSPropOptimizerConfig.momentum",
        "ludwig.modules.optimization_modules.RMSPropOptimizerConfig.alpha",
        "ludwig.modules.optimization_modules.RMSPropOptimizerConfig.eps",
        "ludwig.modules.optimization_modules.RMSPropOptimizerConfig.centered",
        "ludwig.modules.optimization_modules.RMSPropOptimizerConfig.weight_decay"
    ],
    "bases": [
        "ludwig.modules.optimization_modules.BaseOptimizerConfig"
    ],
    "children": {
        "ludwig.modules.optimization_modules.RMSPropOptimizerConfig.__init__": {
            "docstring": "",
            "name": "__init__",
            "path": "ludwig.modules.optimization_modules.RMSPropOptimizerConfig.__init__",
            "relative_file_path": "ludwig/modules/optimization_modules.py",
            "signature": {
                "parameters": [
                    {
                        "kind": "POSITIONAL_OR_KEYWORD",
                        "name": "self"
                    },
                    {
                        "annotation": "str",
                        "default": "'rmsprop'",
                        "kind": "POSITIONAL_OR_KEYWORD",
                        "name": "type"
                    },
                    {
                        "annotation": "float",
                        "default": "0.01",
                        "kind": "POSITIONAL_OR_KEYWORD",
                        "name": "lr"
                    },
                    {
                        "annotation": "float",
                        "default": "0.0",
                        "kind": "POSITIONAL_OR_KEYWORD",
                        "name": "momentum"
                    },
                    {
                        "annotation": "float",
                        "default": "0.99",
                        "kind": "POSITIONAL_OR_KEYWORD",
                        "name": "alpha"
                    },
                    {
                        "annotation": "float",
                        "default": "1e-08",
                        "kind": "POSITIONAL_OR_KEYWORD",
                        "name": "eps"
                    },
                    {
                        "annotation": "bool",
                        "default": "False",
                        "kind": "POSITIONAL_OR_KEYWORD",
                        "name": "centered"
                    },
                    {
                        "annotation": "float",
                        "default": "0.0",
                        "kind": "POSITIONAL_OR_KEYWORD",
                        "name": "weight_decay"
                    }
                ],
                "return_annotation": "None"
            }
        },
        "ludwig.modules.optimization_modules.RMSPropOptimizerConfig.alpha": {
            "docstring": null,
            "name": "alpha",
            "path": "ludwig.modules.optimization_modules.RMSPropOptimizerConfig.alpha",
            "relative_file_path": "ludwig/modules/optimization_modules.py",
            "type": "float"
        },
        "ludwig.modules.optimization_modules.RMSPropOptimizerConfig.centered": {
            "docstring": null,
            "name": "centered",
            "path": "ludwig.modules.optimization_modules.RMSPropOptimizerConfig.centered",
            "relative_file_path": "ludwig/modules/optimization_modules.py",
            "type": "bool"
        },
        "ludwig.modules.optimization_modules.RMSPropOptimizerConfig.eps": {
            "docstring": null,
            "name": "eps",
            "path": "ludwig.modules.optimization_modules.RMSPropOptimizerConfig.eps",
            "relative_file_path": "ludwig/modules/optimization_modules.py",
            "type": "float"
        },
        "ludwig.modules.optimization_modules.RMSPropOptimizerConfig.lr": {
            "docstring": null,
            "name": "lr",
            "path": "ludwig.modules.optimization_modules.RMSPropOptimizerConfig.lr",
            "relative_file_path": "ludwig/modules/optimization_modules.py",
            "type": "float"
        },
        "ludwig.modules.optimization_modules.RMSPropOptimizerConfig.momentum": {
            "docstring": null,
            "name": "momentum",
            "path": "ludwig.modules.optimization_modules.RMSPropOptimizerConfig.momentum",
            "relative_file_path": "ludwig/modules/optimization_modules.py",
            "type": "float"
        },
        "ludwig.modules.optimization_modules.RMSPropOptimizerConfig.type": {
            "docstring": "Must be 'rmsprop' - corresponds to name in `ludwig.modules.optimization_modules.optimizer_registry`\n(default: 'rmsprop')",
            "name": "type",
            "path": "ludwig.modules.optimization_modules.RMSPropOptimizerConfig.type",
            "relative_file_path": "ludwig/modules/optimization_modules.py",
            "type": "str"
        },
        "ludwig.modules.optimization_modules.RMSPropOptimizerConfig.weight_decay": {
            "docstring": null,
            "name": "weight_decay",
            "path": "ludwig.modules.optimization_modules.RMSPropOptimizerConfig.weight_decay",
            "relative_file_path": "ludwig/modules/optimization_modules.py",
            "type": "float"
        }
    },
    "docstring": "Parameters for rmsprop optimization.",
    "name": "RMSPropOptimizerConfig",
    "path": "ludwig.modules.optimization_modules.RMSPropOptimizerConfig"
}
