{
    "attributes": [
        "ludwig.combiners.combiners.SequenceCombinerConfig.main_sequence_feature",
        "ludwig.combiners.combiners.SequenceCombinerConfig.reduce_output",
        "ludwig.combiners.combiners.SequenceCombinerConfig.encoder"
    ],
    "bases": [
        "ludwig.combiners.combiners.BaseCombinerConfig"
    ],
    "children": {
        "ludwig.combiners.combiners.SequenceCombinerConfig.__init__": {
            "docstring": null,
            "name": "__init__",
            "path": "ludwig.combiners.combiners.SequenceCombinerConfig.__init__",
            "relative_file_path": "ludwig/combiners/combiners.py",
            "signature": {
                "parameters": [
                    {
                        "kind": "POSITIONAL_OR_KEYWORD",
                        "name": "self"
                    },
                    {
                        "annotation": "Optional[str]",
                        "default": "None",
                        "kind": "POSITIONAL_OR_KEYWORD",
                        "name": "main_sequence_feature"
                    },
                    {
                        "annotation": "Optional[str]",
                        "default": "None",
                        "kind": "POSITIONAL_OR_KEYWORD",
                        "name": "reduce_output"
                    },
                    {
                        "annotation": "Optional[str]",
                        "default": "None",
                        "kind": "POSITIONAL_OR_KEYWORD",
                        "name": "encoder"
                    }
                ],
                "return_annotation": "None"
            }
        },
        "ludwig.combiners.combiners.SequenceCombinerConfig.encoder": {
            "docstring": "TODO: Document parameters. (default: None).",
            "name": "encoder",
            "path": "ludwig.combiners.combiners.SequenceCombinerConfig.encoder",
            "relative_file_path": "ludwig/combiners/combiners.py",
            "type": "Optional[str]"
        },
        "ludwig.combiners.combiners.SequenceCombinerConfig.main_sequence_feature": {
            "docstring": "TODO: Document parameters. (default: None).",
            "name": "main_sequence_feature",
            "path": "ludwig.combiners.combiners.SequenceCombinerConfig.main_sequence_feature",
            "relative_file_path": "ludwig/combiners/combiners.py",
            "type": "Optional[str]"
        },
        "ludwig.combiners.combiners.SequenceCombinerConfig.reduce_output": {
            "docstring": "TODO: Document parameters. (default: None).",
            "name": "reduce_output",
            "path": "ludwig.combiners.combiners.SequenceCombinerConfig.reduce_output",
            "relative_file_path": "ludwig/combiners/combiners.py",
            "type": "Optional[str]"
        }
    },
    "docstring": "Parameters for sequence combiner.",
    "name": "SequenceCombinerConfig",
    "path": "ludwig.combiners.combiners.SequenceCombinerConfig"
}
