{
    "attributes": [
        "ludwig.modules.optimization_modules.SGDOptimizerConfig.type",
        "ludwig.modules.optimization_modules.SGDOptimizerConfig.lr",
        "ludwig.modules.optimization_modules.SGDOptimizerConfig.momentum",
        "ludwig.modules.optimization_modules.SGDOptimizerConfig.weight_decay",
        "ludwig.modules.optimization_modules.SGDOptimizerConfig.dampening",
        "ludwig.modules.optimization_modules.SGDOptimizerConfig.nesterov"
    ],
    "bases": [
        "ludwig.modules.optimization_modules.BaseOptimizerConfig"
    ],
    "children": {
        "ludwig.modules.optimization_modules.SGDOptimizerConfig.__init__": {
            "docstring": "",
            "name": "__init__",
            "path": "ludwig.modules.optimization_modules.SGDOptimizerConfig.__init__",
            "relative_file_path": "ludwig/modules/optimization_modules.py",
            "signature": {
                "parameters": [
                    {
                        "kind": "POSITIONAL_OR_KEYWORD",
                        "name": "self"
                    },
                    {
                        "annotation": "str",
                        "default": "'sgd'",
                        "kind": "POSITIONAL_OR_KEYWORD",
                        "name": "type"
                    },
                    {
                        "annotation": "float",
                        "default": "0.001",
                        "kind": "POSITIONAL_OR_KEYWORD",
                        "name": "lr"
                    },
                    {
                        "annotation": "float",
                        "default": "0.0",
                        "kind": "POSITIONAL_OR_KEYWORD",
                        "name": "momentum"
                    },
                    {
                        "annotation": "float",
                        "default": "0.0",
                        "kind": "POSITIONAL_OR_KEYWORD",
                        "name": "weight_decay"
                    },
                    {
                        "annotation": "float",
                        "default": "0.0",
                        "kind": "POSITIONAL_OR_KEYWORD",
                        "name": "dampening"
                    },
                    {
                        "annotation": "bool",
                        "default": "False",
                        "kind": "POSITIONAL_OR_KEYWORD",
                        "name": "nesterov"
                    }
                ],
                "return_annotation": "None"
            }
        },
        "ludwig.modules.optimization_modules.SGDOptimizerConfig.dampening": {
            "docstring": null,
            "name": "dampening",
            "path": "ludwig.modules.optimization_modules.SGDOptimizerConfig.dampening",
            "relative_file_path": "ludwig/modules/optimization_modules.py",
            "type": "float"
        },
        "ludwig.modules.optimization_modules.SGDOptimizerConfig.lr": {
            "docstring": "(default: 0.001)",
            "name": "lr",
            "path": "ludwig.modules.optimization_modules.SGDOptimizerConfig.lr",
            "relative_file_path": "ludwig/modules/optimization_modules.py",
            "type": "float"
        },
        "ludwig.modules.optimization_modules.SGDOptimizerConfig.momentum": {
            "docstring": null,
            "name": "momentum",
            "path": "ludwig.modules.optimization_modules.SGDOptimizerConfig.momentum",
            "relative_file_path": "ludwig/modules/optimization_modules.py",
            "type": "float"
        },
        "ludwig.modules.optimization_modules.SGDOptimizerConfig.nesterov": {
            "docstring": null,
            "name": "nesterov",
            "path": "ludwig.modules.optimization_modules.SGDOptimizerConfig.nesterov",
            "relative_file_path": "ludwig/modules/optimization_modules.py",
            "type": "bool"
        },
        "ludwig.modules.optimization_modules.SGDOptimizerConfig.type": {
            "docstring": "Must be 'sgd' - corresponds to name in `ludwig.modules.optimization_modules.optimizer_registry` (default:\n'sgd')",
            "name": "type",
            "path": "ludwig.modules.optimization_modules.SGDOptimizerConfig.type",
            "relative_file_path": "ludwig/modules/optimization_modules.py",
            "type": "str"
        },
        "ludwig.modules.optimization_modules.SGDOptimizerConfig.weight_decay": {
            "docstring": null,
            "name": "weight_decay",
            "path": "ludwig.modules.optimization_modules.SGDOptimizerConfig.weight_decay",
            "relative_file_path": "ludwig/modules/optimization_modules.py",
            "type": "float"
        }
    },
    "docstring": "Parameters for stochastic gradient descent.",
    "name": "SGDOptimizerConfig",
    "path": "ludwig.modules.optimization_modules.SGDOptimizerConfig"
}
