{
    "attributes": [
        "ludwig.combiners.combiners.TabTransformerCombinerConfig.embed_input_feature_name",
        "ludwig.combiners.combiners.TabTransformerCombinerConfig.reduce_output"
    ],
    "bases": [
        "ludwig.combiners.combiners.BaseCombinerConfig",
        "ludwig.combiners.combiners.CommonTransformerConfig"
    ],
    "children": {
        "ludwig.combiners.combiners.TabTransformerCombinerConfig.__init__": {
            "docstring": null,
            "name": "__init__",
            "path": "ludwig.combiners.combiners.TabTransformerCombinerConfig.__init__",
            "relative_file_path": "ludwig/combiners/combiners.py",
            "signature": {
                "parameters": [
                    {
                        "kind": "POSITIONAL_OR_KEYWORD",
                        "name": "self"
                    },
                    {
                        "annotation": "int",
                        "default": "1",
                        "kind": "POSITIONAL_OR_KEYWORD",
                        "name": "num_layers"
                    },
                    {
                        "annotation": "int",
                        "default": "256",
                        "kind": "POSITIONAL_OR_KEYWORD",
                        "name": "hidden_size"
                    },
                    {
                        "annotation": "int",
                        "default": "8",
                        "kind": "POSITIONAL_OR_KEYWORD",
                        "name": "num_heads"
                    },
                    {
                        "annotation": "int",
                        "default": "256",
                        "kind": "POSITIONAL_OR_KEYWORD",
                        "name": "transformer_output_size"
                    },
                    {
                        "annotation": "float",
                        "default": "0.1",
                        "kind": "POSITIONAL_OR_KEYWORD",
                        "name": "dropout"
                    },
                    {
                        "annotation": "Optional[List[Dict[str, Any]]]",
                        "default": "<factory>",
                        "kind": "POSITIONAL_OR_KEYWORD",
                        "name": "fc_layers"
                    },
                    {
                        "annotation": "int",
                        "default": "0",
                        "kind": "POSITIONAL_OR_KEYWORD",
                        "name": "num_fc_layers"
                    },
                    {
                        "annotation": "int",
                        "default": "256",
                        "kind": "POSITIONAL_OR_KEYWORD",
                        "name": "output_size"
                    },
                    {
                        "annotation": "bool",
                        "default": "True",
                        "kind": "POSITIONAL_OR_KEYWORD",
                        "name": "use_bias"
                    },
                    {
                        "annotation": "Union[str, Dict]",
                        "default": "'xavier_uniform'",
                        "kind": "POSITIONAL_OR_KEYWORD",
                        "name": "weights_initializer"
                    },
                    {
                        "annotation": "Union[str, Dict]",
                        "default": "'zeros'",
                        "kind": "POSITIONAL_OR_KEYWORD",
                        "name": "bias_initializer"
                    },
                    {
                        "annotation": "Optional[str]",
                        "default": "None",
                        "kind": "POSITIONAL_OR_KEYWORD",
                        "name": "norm"
                    },
                    {
                        "annotation": "Optional[dict]",
                        "default": "<factory>",
                        "kind": "POSITIONAL_OR_KEYWORD",
                        "name": "norm_params"
                    },
                    {
                        "annotation": "str",
                        "default": "'relu'",
                        "kind": "POSITIONAL_OR_KEYWORD",
                        "name": "fc_activation"
                    },
                    {
                        "annotation": "float",
                        "default": "0.0",
                        "kind": "POSITIONAL_OR_KEYWORD",
                        "name": "fc_dropout"
                    },
                    {
                        "annotation": "bool",
                        "default": "False",
                        "kind": "POSITIONAL_OR_KEYWORD",
                        "name": "fc_residual"
                    },
                    {
                        "annotation": "Union[str, int]",
                        "default": "None",
                        "kind": "POSITIONAL_OR_KEYWORD",
                        "name": "embed_input_feature_name"
                    },
                    {
                        "annotation": "str",
                        "default": "'concat'",
                        "kind": "POSITIONAL_OR_KEYWORD",
                        "name": "reduce_output"
                    }
                ],
                "return_annotation": "None"
            }
        },
        "ludwig.combiners.combiners.TabTransformerCombinerConfig.embed_input_feature_name": {
            "docstring": "TODO: Document parameters. (default: None).",
            "name": "embed_input_feature_name",
            "path": "ludwig.combiners.combiners.TabTransformerCombinerConfig.embed_input_feature_name",
            "relative_file_path": "ludwig/combiners/combiners.py",
            "type": "Union[str, int]"
        },
        "ludwig.combiners.combiners.TabTransformerCombinerConfig.reduce_output": {
            "docstring": "TODO: Document parameters. (default: 'concat').",
            "name": "reduce_output",
            "path": "ludwig.combiners.combiners.TabTransformerCombinerConfig.reduce_output",
            "relative_file_path": "ludwig/combiners/combiners.py",
            "type": "str"
        }
    },
    "docstring": "Parameters for tab transformer combiner.",
    "name": "TabTransformerCombinerConfig",
    "path": "ludwig.combiners.combiners.TabTransformerCombinerConfig"
}
